{
    "Model path": "../../SP7UnityEditor/Assets/Graphics/TintedModels/Pokeball/pokeball.fbx",
    "Tints": [
        {
            "Tint1-Primary-Red Channel": "",
            "Red": 0.7512043118476868,
            "Green": 0.47981542348861697,
            "Blue": 0.9411764740943909,
            "Alpha": 0.5372549295425415,
            "Texture": "../../SP7UnityEditor/Assets/Graphics/Textures/Shared/orchid1.dds"
        },
        {
            "Tint2-Secondary-Green Channel": "",
            "Red": 0.7529411911964417,
            "Green": 0.7529411911964417,
            "Blue": 0.7529411911964417,
            "Alpha": 0.5372549295425415,
            "Texture": "../../SP7UnityEditor/Assets/Graphics/Textures/Shared/orchid1.dds"
        },
        {
            "Tint3-Tertiary-Blue Channel": "",
            "Red": 0.7941174507141113,
            "Green": 0.0,
            "Blue": 1.0,
            "Alpha": 0.5529412031173706,
            "Texture": ""
        },
        {
            "Tint4-Accents-Alpha Channel": "",
            "Red": 0.0,
            "Green": 0.7381467819213867,
            "Blue": 1.0,
            "Alpha": 0.0,
            "Texture": "../../SP7UnityEditor/Assets/Graphics/Textures/Shared/orchid0.dds"
        }
    ],
    "Emissive": {
        "Red": 0.18262208998203278,
        "Green": 0.9569612145423889,
        "Blue": 0.9803921580314636,
        "Alpha": 1.0
    }
}