{
    "Model path": "../../SP7UnityEditor/Assets/Graphics/TintedModels/Pokeball/pokeball.fbx",
    "Tints": [
        {
            "Tint1-Primary-Red Channel": "",
            "Red": 0.10000000149011612,
            "Green": 0.10000000149011612,
            "Blue": 1.0
        },
        {
            "Tint2-Secondary-Green Channel": "",
            "Red": 0.10000000149011612,
            "Green": 0.10000000149011612,
            "Blue": 1.0
        },
        {
            "Tint3-Tertiary-Blue Channel": "",
            "Red": 0.20000000298023225,
            "Green": 0.20000000298023225,
            "Blue": 0.20000000298023225
        },
        {
            "Tint4-Accents-Alpha Channel": "",
            "Red": 1.0,
            "Green": 0.75,
            "Blue": 0.0
        }
    ]
}