{
    "Model path": "../../SP7UnityEditor/Assets/Graphics/TintedModels/Pokeball/pokeball.fbx",
    "Tints": [
        {
            "Tint1-Primary-Red Channel": "",
            "Red": 0.10000000149011612,
            "Green": 0.10000000149011612,
            "Blue": 1.0
        },
        {
            "Tint2-Secondary-Green Channel": "",
            "Red": 0.10000000149011612,
            "Green": 0.10000000149011612,
            "Blue": 1.0
        },
        {
            "Tint3-Tertiary-Blue Channel": "",
            "Red": 0.8725489974021912,
            "Green": 0.7085047364234924,
            "Blue": 0.17536520957946778
        },
        {
            "Tint4-Accents-Alpha Channel": "",
            "Red": 0.0,
            "Green": 9.999999974752428e-7,
            "Blue": 2.3529433690328006e-7
        }
    ]
}