{
    "Model path": "../../SP7UnityEditor/Assets/Graphics/TintedModels/Pokeball/pokeball.fbx",
    "Tints": [
        {
            "Tint1-Primary-Red Channel": "",
            "Red": 0.43627452850341799,
            "Green": 0.2288302630186081,
            "Blue": 0.2288302630186081
        },
        {
            "Tint2-Secondary-Green Channel": "",
            "Red": 0.0,
            "Green": 0.5,
            "Blue": 1.0
        },
        {
            "Tint3-Tertiary-Blue Channel": "",
            "Red": 0.9999899864196777,
            "Green": 1.0,
            "Blue": 0.9999933242797852
        },
        {
            "Tint4-Accents-Alpha Channel": "",
            "Red": 0.12002594023942948,
            "Green": 0.19991657137870789,
            "Blue": 0.6617647409439087
        }
    ]
}