{
    "Model path": "../../SP7UnityEditor/Assets/Graphics/TintedModels/Pokeball/pokeball.fbx",
    "Tints": [
        {
            "Tint1-Primary-Red Channel": "",
            "Red": 9.999999974752428e-7,
            "Green": 9.999899930335233e-7,
            "Blue": 9.999899930335233e-7
        },
        {
            "Tint2-Secondary-Green Channel": "",
            "Red": 0.9999899864196777,
            "Green": 0.9999951124191284,
            "Blue": 1.0
        },
        {
            "Tint3-Tertiary-Blue Channel": "",
            "Red": 0.10000000149011612,
            "Green": 0.699999988079071,
            "Blue": 0.20000000298023225
        },
        {
            "Tint4-Accents-Alpha Channel": "",
            "Red": 9.999999974752428e-7,
            "Green": 9.9999215308344e-7,
            "Blue": 9.999899930335233e-7
        }
    ]
}