{"Name":0.10000000149011612,"hej":0.10000000149011612}