{"nodes":{"node:201":{"location":{"x":-347,"y":-72}}},"selection":["node:201"],"view":{"scroll":{"x":-1860.07763671875,"y":-603.9853515625},"zoom":4.9999995231628418}}