{"nodes":{"node:275":{"location":{"x":456,"y":242}},"node:279":{"location":{"x":-26,"y":94}}},"selection":null,"view":{"scroll":{"x":-96.1929168701171875,"y":18.5437469482421875},"zoom":1}}