{"nodes":{"node:1458":{"location":{"x":1330,"y":-596}},"node:2150":{"location":{"x":1307,"y":-507}},"node:2154":{"location":{"x":1899,"y":-324}},"node:2157":{"location":{"x":2087,"y":-161}},"node:2161":{"location":{"x":1899,"y":-500}},"node:2164":{"location":{"x":2135,"y":-440}},"node:2168":{"location":{"x":1210,"y":-356}},"node:2171":{"location":{"x":1451,"y":-300}},"node:2176":{"location":{"x":1211,"y":-273}},"node:2183":{"location":{"x":1771,"y":-205}},"node:2189":{"location":{"x":2221,"y":-588}}},"selection":null,"view":{"scroll":{"x":1144.944580078125,"y":-650.81610107421875},"zoom":1}}