{"nodes":{"node:1435":{"location":{"x":1551,"y":-128}},"node:1451":{"location":{"x":1388,"y":-441}},"node:1458":{"location":{"x":1563,"y":-359}},"node:1463":{"location":{"x":1905,"y":-388}},"node:1470":{"location":{"x":1676,"y":-371}},"node:1482":{"location":{"x":1573,"y":-629}},"node:1549":{"location":{"x":1687,"y":-299}},"node:1976":{"location":{"x":1338,"y":-653}}},"selection":null,"view":{"scroll":{"x":1330.7353515625,"y":-763.22998046875},"zoom":1}}