{"nodes":{"node:1435":{"location":{"x":1551,"y":-128}},"node:1451":{"location":{"x":1388,"y":-441}},"node:1458":{"location":{"x":1563,"y":-359}},"node:1463":{"location":{"x":1675,"y":-465}},"node:1470":{"location":{"x":1019,"y":-1565}},"node:1482":{"location":{"x":1573,"y":-629}},"node:1549":{"location":{"x":2002,"y":-612}},"node:1976":{"location":{"x":1338,"y":-653}}},"selection":null,"view":{"scroll":{"x":-531.43731689453125,"y":-513.92724609375},"zoom":0.100000001490116119}}