{"gameobjects":[{"transform":{"position":{"x":-2.5,"y":0.0,"z":5.400000095367432},"rotation":{"x":0.0,"y":0.0,"z":0.0},"scale":{"x":0.009999999776482582,"y":0.009999999776482582,"z":0.009999999776482582}},"model":{"fbxPath":"Assets/3D/Exempel_Modeller/Chest/Particle_Chest.fbx"}},{"transform":{"position":{"x":-12.100000381469727,"y":0.44999998807907107,"z":9.600000381469727},"rotation":{"x":10.453280448913575,"y":182.34532165527345,"z":181.5504150390625},"scale":{"x":0.009999999776482582,"y":0.009999999776482582,"z":0.009999999776482582}},"model":{"fbxPath":"Assets/3D/Exempel_Modeller/Chest/Particle_Chest.fbx"}}]}